{"cameraMode":{"drawMode":0,"name":"Shaded","section":"Shading Mode"},"sceneLighting":true,"audioPlay":false,"sceneViewState":{"showFog":true,"showMaterialUpdate":false,"showSkybox":true,"showFlares":true,"showImageEffects":true,"showParticleSystems":true,"showVisualEffectGraphs":true,"m_FxEnabled":true},"in2DMode":false,"pivot":{"x":0.3656272292137146,"y":2.1349613666534426,"z":11.802204132080079},"rotation":{"x":0.011085356585681439,"y":0.9886438846588135,"z":-0.09401912987232208,"w":0.11682447046041489},"size":0.24275514483451844,"orthographic":false}